factuality_label;count;rate
asserted;527;0.8917089678510999
modalized;4;0.00676818950930626
negated;59;0.09983079526226735
reported;1;0.001692047377326565
