factuality_label;count;rate
asserted;471;0.8903591682419659
modalized;4;0.007561436672967864
negated;53;0.1001890359168242
reported;1;0.001890359168241966
