factuality_label;count;rate
asserted;498;0.8908765652951699
modalized;4;0.007155635062611807
negated;56;0.1001788908765653
reported;1;0.0017889087656529517
