factuality_label;count;rate
asserted;529;0.8920741989881956
modalized;4;0.006745362563237774
negated;59;0.09949409780775717
reported;1;0.0016863406408094434
