factuality_label;count;rate
asserted;500;0.8912655971479501
modalized;4;0.0071301247771836
negated;56;0.09982174688057041
reported;1;0.0017825311942959
